class,year,longitude,latitude,kategori,B2,B3,B4,B8,B11,B12,NDVI,NDWI,NDBI,BSI,NDTI
1,2025,122.14622359268664,-2.7949229455263143,air_keruh,0.1142,0.1266,0.1386,0.1758,0.1983,0.1669,0.11832058,-0.16269842,0.06014437,0.07481258,0.045248903
1,2025,122.15206007950304,-2.804524508242579,air_keruh,0.0488,0.0706,0.0528,0.2874,0.1475,0.0833,0.6895944,-0.6055866,-0.32168317,-0.2533085,-0.14424637
1,2025,122.14622359268664,-2.811382719083616,air_keruh,0.0898,0.1022,0.1162,0.1494,0.2339,0.2235,0.124999985,-0.18759935,0.22045396,0.18818937,0.06410256
1,2025,122.1548066615343,-2.812754356417438,air_keruh,0.1316,0.1456,0.1662,0.2258,0.2354,0.1895,0.15204081,-0.21593966,0.020815294,0.058234524,0.066067964
1,2025,122.17746596329212,-2.821327053171478,air_keruh,0.1026,0.1462,0.1636,0.2532,0.2392,0.1611,0.2149712,-0.26790184,-0.028432166,0.061956234,0.056165256
1,2025,122.1657929896593,-2.824756114184793,air_keruh,0.117,0.1546,0.185,0.1877,0.2087,0.196,0.007244435,-0.09669883,0.052976783,0.12743413,0.0895171
1,2025,122.18364577286242,-2.8268135459331107,air_keruh,0.1023,0.1218,0.1572,0.2058,0.19925,0.15565,0.13388431,-0.25641027,-0.01617084,0.072755985,0.1268817
1,2025,122.17609267227648,-2.8254419251727385,air_keruh,0.395,0.4992,0.5856,0.5578,0.57555,0.61745,-0.024313472,-0.055439934,0.015661556,0.09855958,0.07964604
1,2025,122.17094283096787,-2.8319571093380858,air_keruh,0.0483,0.0568,0.0842,0.0813,0.0899,0.0848,-0.017522685,-0.17740767,0.05023367,0.14652619,0.19432625
1,2025,122.18536238663197,-2.8316142058212477,air_keruh,0.07245,0.1097,0.1014,0.29385,0.27935,0.20355,0.486907,-0.4563251,-0.025296567,0.019342765,-0.039317854
1,2025,122.1881089686632,-2.8374435517928336,air_keruh,0.1084,0.1098,0.1422,0.1726,0.2782,0.2564,0.09656928,-0.2223796,0.23425022,0.19874536,0.12857139
1,2025,122.18982558243272,-2.843615768427731,air_keruh,0.02825,0.0576,0.0249,0.3064,0.16145,0.07185,0.84968305,-0.6835165,-0.30982152,-0.2846449,-0.39636362
1,2025,122.1877656459093,-2.8494450538144074,air_keruh,0.1344,0.1632,0.1822,0.2286,0.2874,0.258,0.11295033,-0.16692187,0.11395351,0.12803268,0.05500867
1,2025,122.18536238663197,-2.8528740314330565,air_keruh,0.0932,0.1023,0.1498,0.1804,0.2548,0.2316,0.0926711,-0.27626458,0.17095587,0.19315836,0.18841729
1,2025,122.18364577286242,-2.8669327326196963,air_keruh,0.0521,0.0528,0.0404,0.0351,0.0772,0.0675,-0.07019863,0.20136516,0.3748887,0.1484375,-0.13304722
1,2025,122.1932588099718,-2.8820199270624607,air_keruh,0.05125,0.0747,0.045,0.3582,0.18275,0.09235,0.77678573,-0.65488565,-0.32433683,-0.2851538,-0.24812026
1,2025,122.20149855606554,-2.885791694463946,air_keruh,0.03785,0.05295,0.0282,0.311,0.0913,0.0325,0.8337264,-0.709026,-0.54610986,-0.48969784,-0.30499074
1,2025,122.1822724818468,-2.871390333550354,air_keruh,0.0748,0.11,0.101,0.30535,0.2584,0.19485,0.5028916,-0.47032624,-0.08328162,-0.028057614,-0.042654008
1,2025,122.20321516983508,-2.8892205630590335,air_keruh,0.0447,0.0454,0.0469,0.087,0.0963,0.0591,0.2994772,-0.31419936,0.050736506,0.041833397,0.016251346
1,2025,122.21111159317492,-2.9022501691667584,air_keruh,0.0475,0.0629,0.0528,0.257,0.1897,0.1171,0.6591349,-0.6067521,-0.15066038,-0.113345504,-0.08729473
1,2025,122.20596175186633,-2.902935933754024,air_keruh,0.0398,0.0568,0.0308,0.3716,0.1631,0.0688,0.84691846,-0.7348273,-0.38993827,-0.35932595,-0.29680365
1,2025,122.1984086512804,-2.8929923065516534,air_keruh,0.04035,0.0567,0.0321,0.3886,0.2083,0.09055,0.8473972,-0.7453402,-0.30206066,-0.2816912,-0.277027
1,2025,122.20390181534287,-2.890249221618649,air_keruh,0.0364,0.055,0.0292,0.31,0.0967,0.0369,0.8278302,-0.69863015,-0.5244652,-0.4668643,-0.3064133
1,2025,122.19463210098742,-2.8823628155248304,air_keruh,0.0274,0.0476,0.0231,0.3652,0.1056,0.0447,0.88101983,-0.76937985,-0.55140185,-0.5062344,-0.34653467
1,2025,122.18845229141712,-2.8789339262539113,air_keruh,0.03045,0.0423,0.0231,0.2518,0.11405,0.0461,0.83193886,-0.71234274,-0.37652043,-0.34597042,-0.293578
1,2025,122.18330245010851,-2.872761899569233,air_keruh,0.1254,0.1125,0.101,0.2858,0.23765,0.1685,0.47776628,-0.43509918,-0.09198587,-0.09675269,-0.053864136
1,2025,122.18982558243272,-2.880991261055589,air_keruh,0.0513,0.0692,0.0492,0.3408,0.1814,0.0825,0.7476923,-0.662439,-0.305247,-0.2593544,-0.16891895
1,2025,122.17883925430772,-2.823384490993892,air_keruh,0.1213,0.1608,0.1858,0.22915,0.2456,0.1803,0.10447041,-0.17527889,0.034649823,0.103536494,0.07212927
1,2025,122.15995650284287,-2.816869258735975,air_keruh,0.2576,0.3276,0.3584,0.3632,0.4068,0.4103,0.0066519147,-0.051534463,0.056623366,0.10418468,0.044897936
1,2025,122.15617995254992,-2.8154976262443943,air_keruh,0.0459,0.0661,0.0511,0.2883,0.1845,0.0914,0.6988804,-0.6269752,-0.21954317,-0.17304319,-0.12798636
1,2025,122.1609864711046,-2.819612518871398,air_keruh,0.0816,0.0885,0.1011,0.1258,0.16535,0.14725,0.10885853,-0.17405505,0.13584065,0.124617495,0.066455685
1,2025,122.21797804825304,-2.899164223376119,air_keruh,0.0495,0.06915,0.0487,0.02305,0.0195,0.01795,-0.35749128,0.5,-0.083431266,-0.030905854,-0.17352566
1,2025,122.1826158046007,-2.8539027227250457,air_keruh,0.0796,0.0938,0.0979,0.1332,0.1599,0.1335,0.15274774,-0.1735683,0.09109516,0.0956226,0.021387596
1,2025,122.17609267227648,-2.827156450869901,air_keruh,0.1647,0.2043,0.2572,0.2609,0.3262,0.3417,0.0071414555,-0.12166808,0.111224696,0.15639248,0.11462622
1,2025,122.15961318008898,-2.820298332894751,air_keruh,0.0923,0.1091,0.1386,0.1546,0.2235,0.215,0.054570217,-0.17254454,0.18222694,0.18916258,0.119095705
1,2025,122.13970046036242,-2.7904650504043733,air_keruh,0.0438,0.0568,0.044,0.1528,0.1192,0.0663,0.55284554,-0.45801526,-0.1235294,-0.09282934,-0.12698413
1,2025,122.14691023819444,-2.795608774042844,air_keruh,0.09,0.0984,0.1194,0.1734,0.2411,0.2232,0.18442622,-0.2759382,0.1633293,0.15563391,0.09641876
1,2025,122.14141707413197,-2.791836712243759,air_keruh,0.0787,0.0908,0.0948,0.2046,0.1652,0.1355,0.36673346,-0.38524035,-0.10654411,-0.04288608,0.021551726
1,2025,122.14725356094836,-2.796980429873182,air_keruh,0.1224,0.1472,0.1482,0.1732,0.2056,0.1796,0.077784665,-0.08114854,0.08553326,0.08962119,0.0033852472
1,2025,122.14279036514758,-2.792179627453436,air_keruh,0.0852,0.1094,0.1188,0.167,0.1759,0.1313,0.16864939,-0.20839363,0.025955094,0.07771074,0.04119195
1,2025,122.1654496669054,-2.8250990197294,air_keruh,0.0499,0.0722,0.065,0.2496,0.173,0.1337,0.58677685,-0.55127406,-0.18125889,-0.11441861,-0.052478153
1,2025,122.14759688370226,-2.798009170693175,air_keruh,0.0416,0.0659,0.0446,0.3284,0.1777,0.0837,0.7608579,-0.66573673,-0.29776722,-0.24936686,-0.19276018
1,2025,122.18055586807726,-2.824756114184793,air_keruh,0.0713,0.09115,0.09145,0.1658,0.19935,0.12085,0.28901848,-0.29052347,0.09188003,0.1017238,0.0016429224
1,2025,122.1602998255968,-2.819612518871398,air_keruh,0.06555,0.0754,0.0782,0.15375,0.1696,0.13785,0.32571676,-0.34191576,0.04901807,0.061014753,0.018229136
1,2025,122.2262177943468,-2.88887767666536,air_keruh,0.045,0.0376,0.022,0.0228,0.0138,0.0107,0.017857155,0.2450331,-0.24590166,-0.30888033,-0.26174498
1,2025,122.22244124405384,-2.8971069215054843,air_keruh,0.05005,0.0722,0.0443,0.01585,0.01155,0.0102,-0.47298422,0.6399773,-0.1569343,-0.082546204,-0.23948497
1,2025,122.21351485245226,-2.9015644041633872,air_keruh,0.0472,0.0668,0.0634,0.2568,0.2358,0.1583,0.60399747,-0.5871446,-0.042630933,-0.007957558,-0.026113655
1,2025,122.19222884171008,-2.88339148029196,air_keruh,0.0518,0.0768,0.0447,0.3228,0.202,0.0945,0.75673467,-0.6156156,-0.23018293,-0.20585868,-0.26419756
1,2025,122.20252852432726,-2.8919636504791684,air_keruh,0.03845,0.0507,0.02945,0.2566,0.1333,0.0566,0.79409194,-0.6700293,-0.3162349,-0.2889908,-0.2651279
1,2025,122.18158583633898,-2.853559825729998,air_keruh,0.1666,0.1821,0.2083,0.1986,0.2092,0.1975,-0.023838783,-0.043341205,0.025993137,0.06681997,0.06711065
1,2025,122.1657929896593,-2.82441320853893,air_keruh,0.1598,0.199,0.2392,0.2301,0.2414,0.2484,-0.01939056,-0.07247729,0.023966061,0.104192995,0.091738924
1,2025,122.19154219620226,-2.8446444679912233,air_keruh,0.0363,0.06695,0.036,0.3472,0.1981,0.1034,0.8121086,-0.6766872,-0.2734275,-0.24190415,-0.3006314
1,2025,122.1881089686632,-2.851845339220679,air_keruh,0.0691,0.0846,0.0814,0.164,0.1041,0.0712,0.33659333,-0.31938857,-0.22342412,-0.11371239,-0.01927712
1,2025,122.20561842911242,-2.8875061300552693,air_keruh,0.0358,0.0481,0.0274,0.2624,0.0777,0.0309,0.8109041,-0.69017714,-0.54307556,-0.4787999,-0.27417216
1,2025,122.20630507462025,-2.8909349934737367,air_keruh,0.0412,0.049,0.0282,0.284,0.0832,0.0358,0.81934655,-0.7057057,-0.54684097,-0.4896931,-0.26943004
1,2025,122.22862105362414,-2.8895634493491476,air_keruh,0.03725,0.02995,0.0189,0.0173,0.0145,0.01185,-0.04419887,0.26772487,-0.08805034,-0.24047756,-0.22620268
1,2025,122.15926985733508,-2.820298332894751,air_keruh,0.122,0.1653,0.1838,0.28625,0.208,0.185,0.21795553,-0.26785517,-0.15832067,-0.020561209,0.052993413
1,2025,122.1434770106554,-2.7925225425630016,air_keruh,0.0888,0.0816,0.091,0.1538,0.2256,0.2091,0.25653595,-0.30671194,0.18924621,0.13233192,0.054461155
1,2025,122.16647963516712,-2.8230415849431183,air_keruh,0.1291,0.125,0.1343,0.2108,0.2141,0.1826,0.22167492,-0.25550926,0.0077665243,0.012349259,0.03586577
1,2025,122.17471938126086,-2.826127735755532,air_keruh,0.1022,0.1368,0.1484,0.1888,0.1997,0.167,0.11981024,-0.15970516,0.028056605,0.08934437,0.04067317
1,2025,122.16167311661242,-2.820984146513677,air_keruh,0.0678,0.0836,0.0845,0.2059,0.1689,0.1307,0.41804406,-0.4224525,-0.09871932,-0.038512617,0.005353958
1,2025,122.166822957921,-2.8254419251727385,air_keruh,0.066,0.0798,0.0752,0.0908,0.0949,0.0761,0.093975924,-0.06447831,0.022078594,0.040685207,-0.029677441
1,2025,122.18124251358508,-2.8254419251727385,air_keruh,0.0406,0.0757,0.036,0.3976,0.1978,0.08955,0.8339484,-0.6801183,-0.33557272,-0.30416667,-0.3554163
1,2025,122.19600539200304,-2.8816770384967865,air_keruh,0.0633,0.06725,0.0625,0.05415,0.0394,0.03125,-0.071581654,0.10790773,-0.1576697,-0.07089126,-0.036608852
1,2025,122.14759688370226,-2.798009170693175,air_keruh,0.0416,0.0659,0.0446,0.3284,0.1777,0.0837,0.7608579,-0.66573673,-0.29776722,-0.24936686,-0.19276018
1,2025,122.1345172836773,-2.788376330481903,air_keruh,0.1174,0.1504,0.1666,0.213,0.251,0.1825,0.12223392,-0.17226198,0.08189653,0.116577536,0.05110412
1,2025,122.11323127293512,-2.789747994758242,air_keruh,0.0918,0.1028,0.1432,0.1726,0.266,0.246,0.09309692,-0.25344956,0.2129503,0.21496437,0.16422763
1,2025,122.12215766453669,-2.7890621628200347,air_keruh,0.0828,0.0879,0.1318,0.157,0.2506,0.2427,0.087257646,-0.28215602,0.22963691,0.22918676,0.19981793
1,2025,122.1290241196148,-2.788376330481903,air_keruh,0.1378,0.1061,0.106,0.1664,0.2585,0.25395,0.22173275,-0.2212844,0.2167569,0.09017499,-0.0004714837
1,2025,122.10361823582572,-2.789747994758242,air_keruh,0.0425,0.0604,0.04665,0.256,0.18155,0.09605,0.6917231,-0.61820483,-0.17015202,-0.13347259,-0.12844467
1,2025,122.11735114598198,-2.790433826296401,air_keruh,0.1637,0.1906,0.2105,0.2379,0.3964,0.42125,0.06110616,-0.11038509,0.24988176,0.20356967,0.049613588
1,2025,122.13314399266169,-2.791119657434433,air_keruh,0.06085,0.07845,0.06125,0.2723,0.20665,0.1113,0.6327387,-0.55267286,-0.13707067,-0.10856002,-0.12312098
1,2025,122.10911139988823,-2.790433826296401,air_keruh,0.0626,0.0831,0.0833,0.2416,0.2275,0.1711,0.48722684,-0.4881429,-0.030057557,0.010731707,0.0012019434
1,2025,122.12627753758356,-2.789747994758242,air_keruh,0.06645,0.0722,0.0966,0.1262,0.1854,0.1723,0.13285458,-0.27217743,0.18998712,0.18824396,0.14454977
1,2025,122.13589057469292,-2.7924913185097093,air_keruh,0.07,0.0889,0.0802,0.2042,0.2021,0.1368,0.43600562,-0.3933811,-0.005168609,0.014555248,-0.051448837
1,2025,122.1125446274273,-2.793862977983271,air_keruh,0.0825,0.077,0.0651,0.2525,0.25,0.1892,0.5900504,-0.5326252,-0.0049751196,-0.030610677,-0.08374385
1,2025,122.12215766453669,-2.791805488172236,air_keruh,0.104,0.1214,0.1153,0.18645,0.2106,0.18765,0.23579124,-0.21130422,0.06082357,0.057516016,-0.025771014
1,2025,122.17228278660698,-2.8343262081798564,air_keruh,0.072,0.0829,0.0941,0.0973,0.11745,0.1231,0.016718924,-0.079911195,0.09383003,0.11093607,0.06327681
1,2025,122.19906196141169,-2.902218948087463,air_keruh,0.032,0.0536,0.0229,0.3744,0.167,0.0711,0.8847219,-0.7495327,-0.3830809,-0.36307228,-0.40130717
1,2025,122.18189582371636,-2.8857604729312696,air_keruh,0.1158,0.13,0.1482,0.21085,0.2866,0.2409,0.17448822,-0.23720114,0.1522766,0.14203165,0.0654206
1,2025,122.21279487156792,-2.904276240657354,air_keruh,0.039,0.0628,0.0436,0.3156,0.193,0.0972,0.7572383,-0.6680761,-0.24105388,-0.19959405,-0.18045111
1,2025,122.19013556981012,-2.8837031467517953,air_keruh,0.0848,0.1013,0.1629,0.224,0.2806,0.2257,0.15792195,-0.3771903,0.11216806,0.17905092,0.2331567
1,2025,122.17640265965386,-2.82952555952671,air_keruh,0.07325,0.0847,0.0963,0.0853,0.1096,0.0889,-0.060572688,-0.0035293838,0.124679334,0.1299218,0.06408837
1,2025,122.11941108250542,-2.790433826296401,air_keruh,0.0957,0.109,0.1338,0.2062,0.2791,0.2683,0.21294118,-0.30837566,0.15021636,0.15528819,0.10214169
1,2025,122.10361823582572,-2.791119657434433,air_keruh,0.0468,0.0696,0.0614,0.3052,0.2422,0.1391,0.66503,-0.6286019,-0.11508953,-0.073825516,-0.06259543
1,2025,122.2114215805523,-2.9049620040146484,air_keruh,0.0315,0.0522,0.024,0.4528,0.1827,0.0772,0.8993289,-0.7932673,-0.42501968,-0.40173665,-0.37007874
1,2025,122.20318183445856,-2.9077050532778217,air_keruh,0.037,0.0577,0.02835,0.3926,0.19015,0.07645,0.86530465,-0.7437264,-0.34740457,-0.32572135,-0.34108078
1,2025,122.2169147446148,-2.902218948087463,air_keruh,0.04895,0.0656,0.0653,0.2625,0.2307,0.17255,0.6015863,-0.6001219,-0.06447686,-0.02543417,-0.0022918077
1,2025,122.17777595066948,-2.8302113676951066,air_keruh,0.1626,0.1942,0.2399,0.2543,0.21155,0.21665,0.029138012,-0.13400224,-0.091767736,0.0397881,0.10527528
1,2025,122.13657722020072,-2.793862977983271,air_keruh,0.062,0.0763,0.0872,0.182,0.2351,0.1718,0.35215452,-0.40921408,0.12730761,0.13826595,0.066666655
1,2025,122.12147101902886,-2.791805488172236,air_keruh,0.0839,0.09575,0.1037,0.1885,0.16785,0.13135,0.2902122,-0.32629728,-0.057948645,-0.0015626426,0.03985962
1,2025,122.1077381088726,-2.796606292122122,air_keruh,0.0887,0.0956,0.1079,0.1673,0.24885,0.1886,0.21584302,-0.27272728,0.195963,0.16442269,0.060442258
1,2025,122.18738898777886,-2.8816458168511616,air_keruh,0.03305,0.0645,0.04425,0.2877,0.1646,0.07645,0.7333936,-0.6337308,-0.2721645,-0.21129154,-0.18620686
1,2025,122.20867499852103,-2.9015331830651485,air_keruh,0.0394,0.0661,0.0346,0.3708,0.1538,0.0776,0.8293044,-0.69741356,-0.4136485,-0.37053123,-0.31281033
1,2025,122.12833747410698,-2.789747994758242,air_keruh,0.084,0.0879,0.093,0.161,0.18175,0.1536,0.26771653,-0.29369226,0.060539756,0.057239067,0.028192395
1,2025,122.12833747410698,-2.7959204641886903,air_keruh,0.08615,0.0963,0.1063,0.1591,0.20705,0.16075,0.19894499,-0.2458888,0.13095726,0.12191192,0.04935833
1,2025,122.13520392918512,-2.7959204641886903,air_keruh,0.0522,0.0744,0.0734,0.2326,0.2436,0.1579,0.52026147,-0.51530945,0.023099523,0.053506132,-0.0067659137
1,2025,122.14825019383356,-2.811694405027173,air_keruh,0.1264,0.1439,0.1614,0.1923,0.2443,0.21635,0.08736217,-0.14396192,0.11910212,0.12009939,0.05732066
0,2025,122.12078437352103,-2.9961647806813843,darat,0.02775,0.05725,0.02415,0.35395,0.1614,0.07035,0.872256,-0.7215467,-0.37362954,-0.34579107,-0.40663388
0,2025,122.11735114598198,-2.9515929300659725,darat,0.0254,0.0472,0.0245,0.372,0.1767,0.0738,0.87641865,-0.7748092,-0.35593224,-0.3277648,-0.31659696
0,2025,122.13314399266169,-2.9371924102997076,darat,0.03915,0.0504,0.02725,0.2522,0.12585,0.05395,0.8049741,-0.666887,-0.33421504,-0.3110586,-0.29813266
0,2025,122.14138373875542,-2.939249638800187,darat,0.0194,0.0412,0.0183,0.2814,0.1268,0.053,0.8778779,-0.7445753,-0.3787359,-0.3491814,-0.38487396
0,2025,122.16541633152886,-2.9707933326410076,darat,0.0428,0.0939,0.0435,0.5536,0.2342,0.1012,0.8542958,-0.7099614,-0.40543285,-0.3646036,-0.36681226
0,2025,122.17090949559136,-2.9536501319627275,darat,0.0302,0.047,0.0304,0.2642,0.1656,0.0722,0.79361844,-0.69794345,-0.22940902,-0.20065252,-0.21447027
0,2025,122.15854987645072,-2.920734446079777,darat,0.038,0.0525,0.0285,0.2298,0.1251,0.0536,0.7793264,-0.6280553,-0.29501268,-0.27100143,-0.29629627
0,2025,122.15374335789603,-2.938563896387965,darat,0.0242,0.0458,0.0235,0.2732,0.1424,0.0616,0.8415908,-0.71285266,-0.31472573,-0.28383338,-0.32178935
0,2025,122.13726386570856,-2.9097623358481757,darat,0.03505,0.0546,0.02955,0.26295,0.14735,0.0662,0.7979487,-0.65611714,-0.28174508,-0.25500107,-0.29768273
0,2025,122.10361823582572,-2.9111338554759674,darat,0.0194,0.0372,0.0187,0.2029,0.1269,0.0551,0.8312274,-0.6901291,-0.2304427,-0.20848058,-0.3309481
0,2025,122.10499152684136,-2.92964920672624,darat,0.0258,0.0429,0.0225,0.328,0.1506,0.0592,0.87161195,-0.7686708,-0.37066445,-0.34294933,-0.31192657
0,2025,122.10979804539603,-2.877531145896961,darat,0.02675,0.04805,0.0302,0.181,0.11405,0.05985,0.7140151,-0.58044094,-0.22691068,-0.1803977,-0.22811502
0,2025,122.13314399266169,-2.880274261518069,darat,0.0236,0.0412,0.0226,0.1918,0.1244,0.0603,0.7891791,-0.64635193,-0.21315624,-0.18874173,-0.29153603
0,2025,122.12147101902886,-2.8946755099775783,darat,0.0376,0.0656,0.0328,0.3052,0.1551,0.0737,0.80591714,-0.64617044,-0.32609168,-0.29187867,-0.33333334
0,2025,122.1297107651226,-2.9515929300659725,darat,0.01985,0.03595,0.0174,0.27,0.13715,0.057,0.8789144,-0.76499426,-0.3262925,-0.30445546,-0.34770384
0,2025,122.14138373875542,-2.9509071952539268,darat,0.0224,0.0456,0.0224,0.3152,0.1552,0.0654,0.8672986,-0.7472284,-0.34013605,-0.310559,-0.34117648
0,2025,122.1297107651226,-2.9646218109821163,darat,0.024,0.04505,0.02115,0.3197,0.1505,0.0622,0.8758985,-0.7529815,-0.3598469,-0.33385077,-0.36102718
0,2025,122.13383063816948,-2.9701076097145687,darat,0.022,0.0376,0.0204,0.2256,0.1291,0.0542,0.8341463,-0.71428573,-0.27206093,-0.24704108,-0.2965517
0,2025,122.15031013035698,-2.9646218109821163,darat,0.0433,0.05765,0.03625,0.302,0.15375,0.0649,0.7856615,-0.6794105,-0.32528797,-0.29011768,-0.22790204
0,2025,122.14344367527886,-2.9776505384644985,darat,0.0251,0.0486,0.0222,0.3152,0.1558,0.0655,0.86840546,-0.7328202,-0.33842888,-0.3131391,-0.37288135
0,2025,122.13657722020072,-2.9906791118412337,darat,0.0262,0.0421,0.0196,0.2784,0.1698,0.0737,0.86845636,-0.7372855,-0.24230255,-0.23319839,-0.36466774
0,2025,122.10293159031792,-3.000279014273987,darat,0.0202,0.0359,0.01755,0.2609,0.1389,0.0568,0.87394506,-0.75808626,-0.30515257,-0.2848817,-0.3433115
0,2025,122.1187244369976,-3.009878832403657,darat,0.0194,0.0321,0.0202,0.2632,0.1494,0.0611,0.8574453,-0.78259397,-0.27581197,-0.24988946,-0.22753347
0,2025,122.13520392918512,-3.017421487332154,darat,0.02615,0.0497,0.02145,0.34495,0.1818,0.07865,0.88291484,-0.7481313,-0.3097295,-0.29224342,-0.39704847
0,2025,122.15443000340386,-3.0181071806413065,darat,0.0229,0.038,0.0189,0.223,0.1438,0.0591,0.84373707,-0.7088123,-0.21592148,-0.20362212,-0.3356766
0,2025,122.14893683934136,-2.9906791118412337,darat,0.0558,0.0651,0.0369,0.3436,0.1824,0.0779,0.8060447,-0.6814289,-0.30646387,-0.29109424,-0.2764706
0,2025,122.1070514633648,-2.952278664454851,darat,0.0316,0.05135,0.0241,0.3242,0.16305,0.0677,0.8616136,-0.7265344,-0.33073372,-0.31061792,-0.36116636
0,2025,122.10361823582572,-2.880274261518069,darat,0.0411,0.04985,0.0306,0.2277,0.1248,0.05445,0.7630662,-0.64078546,-0.2919149,-0.26732674,-0.23927903
0,2025,122.1187244369976,-2.91456264723954,darat,0.0216,0.0462,0.0207,0.3176,0.159,0.0678,0.87762344,-0.7460143,-0.33277383,-0.30738103,-0.38116592
0,2025,122.12078437352103,-2.9214201994140105,darat,0.0204,0.0466,0.0198,0.3264,0.1497,0.0596,0.8856152,-0.75013405,-0.37114054,-0.343405,-0.40361446
0,2025,122.1949420883648,-2.933077941931523,darat,0.0225,0.0423,0.0222,0.268,0.1614,0.0703,0.8470021,-0.7273606,-0.24825338,-0.22547986,-0.31162792
0,2025,122.17434272313042,-2.916619917284004,darat,0.032,0.0598,0.0299,0.3212,0.1366,0.0586,0.8296782,-0.6860893,-0.40323287,-0.35924572,-0.33333334
0,2025,122.10911139988823,-2.847356439759054,darat,0.1034,0.1326,0.1822,0.21985,0.26625,0.2298,0.09364508,-0.24755287,0.09545363,0.16223922,0.15756038
0,2025,122.11941108250542,-2.8500996276494757,darat,0.1061,0.1305,0.1498,0.1673,0.18515,0.1417,0.05518763,-0.123572856,0.05064547,0.10117531,0.068854794
0,2025,122.14275702977103,-2.880274261518069,darat,0.0359,0.057,0.0348,0.2396,0.1325,0.0662,0.7463557,-0.615644,-0.28782588,-0.24435413,-0.24183007
0,2025,122.14893683934136,-2.8953612791555927,darat,0.035,0.0439,0.0266,0.2227,0.135,0.0627,0.7866025,-0.67066765,-0.2451775,-0.2291915,-0.2453901
0,2025,122.14619025731012,-2.909076575408442,darat,0.0389,0.0578,0.0304,0.2896,0.1381,0.0579,0.81,-0.6672424,-0.35422027,-0.3219316,-0.3106576
0,2025,122.1674762680523,-2.891246657864011,darat,0.0376,0.0602,0.0303,0.2526,0.1503,0.0661,0.78579,-0.61508954,-0.2539092,-0.23279527,-0.33038673
0,2025,122.11117133641169,-2.852157014276689,darat,0.073,0.0903,0.0583,0.3028,0.1632,0.0782,0.67709774,-0.5405749,-0.2995708,-0.25832912,-0.2153432
0,2025,122.10430488133356,-2.8158093110878233,darat,0.057,0.0696,0.0656,0.2349,0.2313,0.1379,0.5633943,-0.5428571,-0.007722011,0.008491846,-0.029585803
0,2025,122.09331855320856,-2.9262204610202547,darat,0.0336,0.053,0.0302,0.271,0.1685,0.0753,0.79946876,-0.6728395,-0.23321955,-0.21041127,-0.27403843
0,2025,122.0967517807476,-2.9344494330707045,darat,0.0166,0.0323,0.0165,0.2659,0.1309,0.0552,0.8831445,-0.78336686,-0.34022176,-0.3142591,-0.3237705
0,2025,122.0967517807476,-2.960507444079033,darat,0.0464,0.07145,0.0519,0.33935,0.2023,0.11805,0.7346965,-0.65214217,-0.25302315,-0.20556292,-0.15849212
0,2025,122.10430488133356,-2.9680504383807684,darat,0.0195,0.0346,0.0179,0.2348,0.1157,0.0488,0.85833,-0.7431329,-0.33980027,-0.31116268,-0.31809527
0,2025,122.16610297703669,-2.9879362671281076,darat,0.03805,0.05595,0.0286,0.31975,0.16465,0.06765,0.8357973,-0.702156,-0.32018995,-0.29861176,-0.32347724
0,2025,122.17777595066948,-2.96873616258434,darat,0.0301,0.054,0.0272,0.3712,0.1772,0.0727,0.8634538,-0.7460019,-0.35375637,-0.3250784,-0.33004928
0,2025,122.11597785496636,-2.9262204610202547,darat,0.0215,0.04,0.0216,0.2655,0.1406,0.0614,0.8495298,-0.7381342,-0.30755973,-0.27782726,-0.2987013
0,2025,122.10567817234916,-2.8857604729312696,darat,0.0201,0.0374,0.0207,0.2164,0.1274,0.0588,0.8253901,-0.70527977,-0.25887144,-0.2298492,-0.28743544
0,2025,122.0905719711773,-2.890560886197288,darat,0.0225,0.0407,0.0272,0.2579,0.1412,0.0638,0.80918974,-0.7273945,-0.2924079,-0.24955435,-0.19882178
0,2025,122.08919868016169,-2.859700733733479,darat,0.05125,0.0733,0.04335,0.30235,0.1675,0.0779,0.7492045,-0.6097431,-0.2870065,-0.25290108,-0.25675094
0,2025,122.08851203465386,-2.9728504988645215,darat,0.02485,0.0382,0.0257,0.2296,0.1652,0.07555,0.79866827,-0.7147125,-0.16312058,-0.14269677,-0.19561815
0,2025,122.06928596043512,-2.9406211223603353,darat,0.0214,0.0413,0.01845,0.3014,0.142,0.0592,0.8846334,-0.7589729,-0.3594948,-0.3359545,-0.38242677
0,2025,122.08301887059136,-2.9406211223603353,darat,0.0406,0.0499,0.0312,0.3099,0.1652,0.0733,0.81706244,-0.72262365,-0.30456746,-0.28176996,-0.23057954
0,2025,122.08301887059136,-2.928963458424712,darat,0.0272,0.0456,0.0224,0.2148,0.1106,0.046,0.81112987,-0.6497696,-0.32022125,-0.29066667,-0.34117648
0,2025,122.0850788071148,-2.9035904768836613,darat,0.02615,0.04665,0.0241,0.3051,0.15035,0.06295,0.85358447,-0.7347548,-0.33977383,-0.31006524,-0.3187279
0,2025,122.1345172836773,-2.9097623358481757,darat,0.02925,0.04515,0.0224,0.27435,0.15145,0.06115,0.84903115,-0.71737087,-0.28863317,-0.2717562,-0.33678758
0,2025,122.14825019383356,-2.91867718356497,darat,0.03485,0.0485,0.0323,0.242,0.1283,0.0569,0.76449144,-0.66609293,-0.30704835,-0.26574466,-0.20049508
0,2025,122.17228278660698,-2.931020702069122,darat,0.0296,0.06345,0.0289,0.26695,0.1354,0.0593,0.80463076,-0.6159201,-0.3269542,-0.28696975,-0.3741202
0,2025,122.1839557602398,-2.938563896387965,darat,0.026,0.0365,0.0182,0.2132,0.1317,0.0574,0.8426966,-0.7076492,-0.23630041,-0.229504,-0.33455208
0,2025,122.17502936863823,-2.9824505571470876,darat,0.0226,0.0356,0.0198,0.2654,0.1327,0.0542,0.8611501,-0.76345515,-0.33333334,-0.307605,-0.28519854
0,2025,122.16404304051323,-2.998907604795878,darat,0.04655,0.06115,0.0333,0.353,0.1505,0.05975,0.8275951,-0.70469636,-0.4021847,-0.36984655,-0.29486498
0,2025,122.08027228856012,-2.9488499882797976,darat,0.0469,0.0746,0.0447,0.364,0.196,0.0862,0.7812576,-0.6598267,-0.3,-0.2612032,-0.25062868
0,2025,122.07752570652886,-2.9035904768836613,darat,0.0183,0.0335,0.0163,0.259,0.1321,0.0501,0.88158375,-0.7709402,-0.32446945,-0.3027954,-0.34538153
0,2025,122.09469184422416,-2.863129680729443,darat,0.0333,0.0598,0.038,0.3212,0.1889,0.0923,0.7884187,-0.6860893,-0.25936094,-0.21947028,-0.22290389
0,2025,122.10293159031792,-2.85627177648669,darat,0.0467,0.06615,0.04205,0.3518,0.18545,0.08895,0.7864669,-0.68345493,-0.30963236,-0.27316293,-0.22273569
0,2025,122.1180377914898,-2.857643360614718,darat,0.1208,0.1576,0.1892,0.247,0.3108,0.2455,0.13250801,-0.22095896,0.1143779,0.15233923,0.0911188
0,2025,122.10636481785698,-2.8192383883691914,darat,0.0388,0.0614,0.0552,0.2468,0.2173,0.1366,0.6344371,-0.60155743,-0.063563906,-0.023472512,-0.053173248
0,2025,122.16060981297416,-2.8967328162661423,darat,0.0398,0.0515,0.0299,0.2917,0.1502,0.0658,0.8140547,-0.69988346,-0.32020822,-0.29593435,-0.26535627
0,2025,122.1400104477398,-2.91867718356497,darat,0.0342,0.05235,0.026,0.2686,0.14785,0.0653,0.8234895,-0.673781,-0.28995073,-0.2705339,-0.3363114
0,2025,122.12627753758356,-2.916619917284004,darat,0.0182,0.0401,0.0164,0.2296,0.1364,0.058,0.8666667,-0.70263255,-0.2546448,-0.23714428,-0.41946903
0,2025,122.15786323094292,-2.9433640844207143,darat,0.022,0.0421,0.0231,0.271,0.1419,0.0622,0.8429106,-0.7310763,-0.3126665,-0.27947596,-0.29141107
0,2025,122.18670234227103,-2.9509071952539268,darat,0.0416,0.0656,0.0317,0.40765,0.17275,0.07335,0.8556959,-0.72276807,-0.40472087,-0.3744837,-0.348407
0,2025,122.08027228856012,-2.8823315938980087,darat,0.02715,0.04165,0.02645,0.20725,0.11815,0.05465,0.7736414,-0.6653274,-0.27381682,-0.2369393,-0.22320117
0,2025,122.0960651352398,-2.8288397509525898,darat,0.05385,0.0814,0.08855,0.27275,0.23845,0.1461,0.5098256,-0.54030776,-0.06709699,0.0006120226,0.04207121
0,2025,122.10567817234916,-2.826782322796912,darat,0.05575,0.0797,0.0478,0.3446,0.1853,0.0838,0.756371,-0.6243224,-0.30062276,-0.2640303,-0.25019607
0,2025,122.13108405613823,-2.8843889225585437,darat,0.0379,0.0584,0.0301,0.2358,0.1452,0.0632,0.7735991,-0.60299116,-0.23779528,-0.21915367,-0.31977403
0,2025,122.11529120945856,-2.864501256654846,darat,0.0238,0.0532,0.024,0.3259,0.1534,0.0653,0.86281794,-0.71933526,-0.35989982,-0.32688293,-0.37823832
0,2025,122.1949420883648,-2.944049823881089,darat,0.02305,0.0509,0.0224,0.3239,0.16565,0.0685,0.8706324,-0.7283885,-0.32325608,-0.29700938,-0.3888131
0,2025,122.11117133641169,-2.9701076097145687,darat,0.02645,0.0421,0.0218,0.2544,0.14715,0.0636,0.84214336,-0.7160202,-0.26709008,-0.24877727,-0.31768388
0,2025,122.1125446274273,-3.007136035841775,darat,0.01795,0.0353,0.01755,0.2512,0.1484,0.0637,0.8693953,-0.75357765,-0.25725725,-0.23718685,-0.3358562
0,2025,122.1235309555523,-3.0146787097708674,darat,0.02125,0.04055,0.02025,0.2855,0.16945,0.07485,0.8675388,-0.7512651,-0.25508296,-0.23577398,-0.3338816
0,2025,122.08919868016169,-2.8638154688974553,darat,0.0188,0.038,0.0232,0.2026,0.1234,0.0564,0.7945084,-0.68412304,-0.24294478,-0.20326087,-0.24183005
0,2025,122.09263190770072,-2.8315829828143455,darat,0.06535,0.0933,0.1078,0.2087,0.22615,0.17355,0.31879938,-0.3821192,0.04012879,0.098519735,0.072103426
0,2025,122.13657722020072,-2.8850746979517323,darat,0.02475,0.04435,0.0225,0.2655,0.14145,0.063,0.84375,-0.7137325,-0.3048286,-0.27807134,-0.32685113
0,2025,122.19082221531792,-2.9495357243607443,darat,0.0347,0.05975,0.0329,0.3708,0.17135,0.0718,0.83700764,-0.72244805,-0.3678871,-0.33005327,-0.2898003
0,2025,122.09194526219292,-2.989993401305828,darat,0.0202,0.03995,0.0213,0.2681,0.145,0.0611,0.8527989,-0.7406265,-0.2979908,-0.2683678,-0.3044898
0,2025,122.0857654526226,-2.941992604234116,darat,0.0247,0.0452,0.0205,0.2766,0.1392,0.0577,0.86199933,-0.71908015,-0.33044732,-0.30715835,-0.3759513
0,2025,122.0740924789898,-2.909076575408442,darat,0.0214,0.0418,0.0278,0.2962,0.1723,0.0753,0.82839507,-0.7526627,-0.26446107,-0.22696544,-0.20114943
0,2025,122.08919868016169,-2.9035904768836613,darat,0.0196,0.0408,0.02,0.2588,0.1227,0.053,0.856528,-0.7276368,-0.35674968,-0.32225126,-0.3421053
0,2025,122.09263190770072,-2.866558617462329,darat,0.0534,0.0746,0.0872,0.1734,0.2602,0.1925,0.33077514,-0.39838707,0.2001845,0.21003135,0.0778739
0,2025,122.10911139988823,-2.887132021648948,darat,0.0192,0.0369,0.0175,0.2171,0.1155,0.0473,0.8508099,-0.7094488,-0.30547202,-0.27971837,-0.35661763
0,2025,122.09469184422416,-2.83501201350546,darat,0.0574,0.099,0.0851,0.36515,0.22815,0.13715,0.62198776,-0.5734138,-0.23091187,-0.1485458,-0.075502425
0,2025,122.08370551609916,-2.83501201350546,darat,0.0479,0.0911,0.133,0.1841,0.2045,0.1588,0.1611479,-0.33793604,0.052496146,0.18525022,0.18697011
0,2025,122.07683906102103,-2.8555859838083073,darat,0.0191,0.0363,0.0209,0.2176,0.1281,0.0582,0.82473797,-0.71406066,-0.25889504,-0.22737882,-0.26923078
0,2025,122.12765082859916,-2.8404984414678967,darat,0.0154,0.0398,0.0184,0.304,0.1388,0.058,0.8858561,-0.76847005,-0.3730804,-0.34032732,-0.36769757
0,2025,122.13726386570856,-2.8432416456773124,darat,0.0327,0.0696,0.0444,0.3496,0.2328,0.1284,0.7746193,-0.6679389,-0.20054942,-0.15936312,-0.22105265
0,2025,122.13039741063042,-2.8535286033168803,darat,0.0646,0.0868,0.118,0.1555,0.2343,0.1746,0.1371115,-0.2835328,0.20215498,0.23095739,0.15234375
0,2025,122.18532905125542,-2.909076575408442,darat,0.02785,0.04945,0.02145,0.2929,0.14835,0.06205,0.8635279,-0.71111435,-0.32759207,-0.30771583,-0.3949224
0,2025,122.13383063816948,-2.8850746979517323,darat,0.02665,0.05645,0.0247,0.2724,0.1318,0.05985,0.833726,-0.6566824,-0.3478476,-0.31291845,-0.39125073
0,2025,122.10979804539603,-2.8898751141161143,darat,0.05075,0.0683,0.0498,0.26935,0.1686,0.092,0.68792105,-0.5954391,-0.2300491,-0.18885794,-0.1566469
1,2025,122.12656646684646,-2.788070358866457,air_keruh,0.0663,0.084,0.0724,0.1599,0.12845,0.07605,0.37666807,-0.3111931,-0.109068796,-0.059360687,-0.074168764
1,2025,122.1197858424568,-2.788927649449634,air_keruh,0.054,0.0584,0.045,0.2152,0.1296,0.092,0.6541122,-0.57309943,-0.24825986,-0.21315908,-0.1295938
1,2025,122.13630824998856,-2.788927649449634,air_keruh,0.0518,0.0708,0.0618,0.2382,0.1556,0.097,0.588,-0.54174757,-0.20975114,-0.14308238,-0.0678733
1,2025,122.14695125535964,-2.7943285657469965,air_keruh,0.1056,0.1317,0.1536,0.166,0.26225,0.25055,0.038798455,-0.115216665,0.22475192,0.20983347,0.07676135
1,2025,122.1489253611946,-2.796086001408259,air_keruh,0.0882,0.1064,0.1626,0.2062,0.278,0.2639,0.11822128,-0.31925786,0.14828582,0.19891155,0.20892192
1,2025,122.14969783739087,-2.7969861503616333,air_keruh,0.1356,0.1632,0.1788,0.201,0.2688,0.2628,0.058451824,-0.10378912,0.1443167,0.1415455,0.045614023
1,2025,122.1512857051277,-2.7989150386491857,air_keruh,0.0895,0.1044,0.132,0.1498,0.1899,0.163,0.063165374,-0.17859954,0.118045315,0.14718458,0.11675126
1,2025,122.15197235063552,-2.799900913659194,air_keruh,0.0993,0.1127,0.1425,0.1698,0.2952,0.2992,0.08741595,-0.20212388,0.2696774,0.23853989,0.116771154
1,2025,122.15283065752028,-2.8008867878395733,air_keruh,0.0823,0.1159,0.1177,0.09895,0.1362,0.1647,-0.08654514,0.07889227,0.15840952,0.16695392,0.007705482
1,2025,122.1535173030281,-2.8020869813737552,air_keruh,0.0522,0.0647,0.0601,0.1626,0.1401,0.0929,0.46026042,-0.43070832,-0.074331,-0.035180707,-0.036858972
1,2025,122.15420394853592,-2.8028156697049114,air_keruh,0.0414,0.0483,0.0391,0.197,0.0688,0.0394,0.66878444,-0.60619646,-0.4823175,-0.3768409,-0.10526319
1,2025,122.15493350938796,-2.803458629620328,air_keruh,0.0404,0.0478,0.0377,0.1782,0.0776,0.0371,0.6507642,-0.57699114,-0.393276,-0.30937406,-0.11812865
1,2025,122.15411811784745,-2.804658820517067,air_keruh,0.0571,0.0804,0.0682,0.2248,0.1352,0.0814,0.534471,-0.4731324,-0.24888892,-0.16175564,-0.08209959
1,2025,122.15469258016324,-2.8055724930001875,air_keruh,0.1132,0.1394,0.1598,0.1992,0.2106,0.1522,0.10974934,-0.17660956,0.027818445,0.08494433,0.068181776
1,2025,122.15529339498256,-2.806987001013195,air_keruh,0.1182,0.1208,0.1354,0.1618,0.2507,0.2342,0.08882907,-0.14508137,0.21551515,0.1592854,0.056986704
1,2025,122.15567963308072,-2.807801413941009,air_keruh,0.0916,0.119,0.1222,0.176,0.2121,0.186,0.18041584,-0.19322033,0.093017265,0.11081575,0.013266976
1,2025,122.1558942098019,-2.808787281462414,air_keruh,0.123,0.1058,0.1266,0.1733,0.2418,0.2346,0.15571858,-0.24184878,0.16502047,0.10846997,0.08950084
1,2025,122.15722458547329,-2.8117448790319104,air_keruh,0.105,0.1194,0.1368,0.1556,0.2354,0.2242,0.064295456,-0.13163635,0.2040921,0.17635907,0.06791571
1,2025,122.168339659631,-2.814745332672267,air_keruh,0.1352,0.1372,0.0705,0.045,0.0575,0.0465,-0.22077921,0.5060373,0.12195121,-0.16937052,-0.32113624
1,2025,122.1657647389767,-2.8155597401848427,air_keruh,0.05805,0.09925,0.0776,0.2747,0.15655,0.08685,0.55946636,-0.46918035,-0.27397096,-0.17392835,-0.12242013
1,2025,122.16735260671352,-2.81873163770041,air_keruh,0.031,0.0538,0.0292,0.2566,0.1441,0.072,0.7956613,-0.6533505,-0.28075868,-0.24799305,-0.29638556
1,2025,122.16911213582728,-2.8183887302775323,air_keruh,0.0581,0.0807,0.0747,0.2336,0.1649,0.0939,0.5154071,-0.48647788,-0.17239648,-0.09806136,-0.038610067
1,2025,122.16602223104212,-2.817188553501884,air_keruh,0.0306,0.0472,0.03065,0.25335,0.1045,0.0456,0.78415495,-0.68590915,-0.41595638,-0.3550465,-0.21258834
1,2025,122.15778248494838,-2.8129879250482435,air_keruh,0.1046,0.1162,0.1362,0.1576,0.2446,0.2213,0.07283868,-0.15120526,0.21631029,0.1844479,0.07923929
1,2025,122.1586837071774,-2.8138023337887805,air_keruh,0.0612,0.0758,0.0673,0.2048,0.1418,0.0807,0.5053289,-0.45972914,-0.1817657,-0.11976425,-0.05939904
1,2025,122.17336683627302,-2.822290308579819,air_keruh,0.0429,0.055,0.0742,0.1428,0.1662,0.1307,0.31612906,-0.44388273,0.07572813,0.12837361,0.14860679
1,2025,122.1744826352232,-2.8205757757000733,air_keruh,0.1446,0.164,0.1904,0.2314,0.2929,0.2917,0.09720245,-0.17046027,0.11729925,0.12486908,0.0744921
1,2025,122.17577009555036,-2.8194613279726375,air_keruh,0.0319,0.0624,0.0356,0.272,0.1679,0.0901,0.76853055,-0.6267943,-0.23664473,-0.19787154,-0.2734694
1,2025,122.17744379397566,-2.818904103708557,air_keruh,0.12,0.1494,0.1625,0.2119,0.2189,0.1641,0.13194445,-0.17298645,0.016248839,0.069395766,0.042000636
1,2025,122.17886000033552,-2.8198470984606563,air_keruh,0.0854,0.1042,0.1232,0.1797,0.1788,0.1425,0.18653022,-0.26593873,-0.0025104613,0.06506789,0.08355322
1,2025,122.18023329135114,-2.821090135829481,air_keruh,0.0911,0.1053,0.10355,0.2114,0.1957,0.14165,0.3424353,-0.33501735,-0.038565457,-0.0054009063,-0.008379218
1,2025,122.1813061749571,-2.8218616755969452,air_keruh,0.1213,0.135,0.1436,0.2127,0.24575,0.21575,0.19393767,-0.22346848,0.072090745,0.07651898,0.030868616
1,2025,122.18263655062847,-2.822933257757721,air_keruh,0.1284,0.1268,0.1598,0.1732,0.244,0.2192,0.04024025,-0.15466665,0.1697028,0.14488234,0.11514303
1,2025,122.18379526492292,-2.823619069822017,air_keruh,0.121,0.161,0.198,0.2122,0.2807,0.2752,0.034617264,-0.13719186,0.13897341,0.17920926,0.10306407
1,2025,122.18573356891916,-2.829308710950725,air_keruh,0.0902,0.1048,0.1204,0.2802,0.2799,0.2077,0.39890167,-0.4555844,-0.0005356011,0.038795907,0.06927174
1,2025,122.18659187580391,-2.8303374232435985,air_keruh,0.0505,0.06345,0.06575,0.0481,0.03545,0.02625,-0.15502858,0.13760649,-0.15140632,0.013013028,0.01780187
1,2025,122.18749309803292,-2.832994925772965,air_keruh,0.0532,0.0631,0.0682,0.086,0.1446,0.1079,0.11543452,-0.15358819,0.2541197,0.2090909,0.03884232
1,2025,122.18860889698313,-2.834795165956718,air_keruh,0.0562,0.0701,0.06725,0.1049,0.1156,0.08185,0.21870464,-0.19885714,0.048526052,0.06323591,-0.020749934
1,2025,122.18942428852364,-2.836638266100271,air_keruh,0.10705,0.1361,0.1482,0.1878,0.2274,0.18325,0.117857136,-0.1596172,0.09537572,0.1204415,0.042560715
1,2025,122.18972469593332,-2.837924148181723,air_keruh,0.1484,0.1665,0.1897,0.204,0.192,0.16005,0.036322042,-0.10121456,-0.030303016,0.039912846,0.06513196
1,2025,122.19032551075264,-2.839724380692235,air_keruh,0.1116,0.1174,0.1354,0.1676,0.2358,0.23055,0.106270656,-0.17614038,0.16906294,0.1414514,0.07120253
1,2025,122.1904971721296,-2.84023873232283,air_keruh,0.1526,0.1672,0.1784,0.186,0.3029,0.29105,0.020856228,-0.05322765,0.23910818,0.17404558,0.032407396
1,2025,122.19135547901436,-2.841610335551044,air_keruh,0.124,0.1502,0.1615,0.1831,0.2561,0.2275,0.06268135,-0.09870989,0.16621129,0.15247689,0.03625285
1,2025,122.19191337848946,-2.842596174364686,air_keruh,0.0563,0.07295,0.0622,0.0534,0.026,0.02015,-0.07612457,0.15472892,-0.34508815,-0.10864072,-0.07954125
1,2025,122.1891667964582,-2.8507455821783165,air_keruh,0.056,0.0697,0.08305,0.0958,0.10655,0.08345,0.07128879,-0.15770389,0.053125788,0.11072056,0.08739767
1,2025,122.19019676471991,-2.8490739537734786,air_keruh,0.0647,0.09165,0.0753,0.2525,0.195,0.1318,0.54057354,-0.46738338,-0.12849164,-0.0798298,-0.097933516
1,2025,122.19126964832589,-2.8473594605805537,air_keruh,0.04625,0.0635,0.0604,0.08795,0.0913,0.07385,0.18570945,-0.16143939,0.018689007,0.061210234,-0.02502018
1,2025,122.19242836262032,-2.845173478059058,air_keruh,0.0823,0.09845,0.1108,0.1685,0.1834,0.1511,0.20658793,-0.26240873,0.04234157,0.07963302,0.059020314
1,2025,122.18595867434637,-2.8560984911031424,air_keruh,0.0862,0.1076,0.1182,0.1508,0.1461,0.122,0.12118962,-0.16718267,-0.015830263,0.054458395,0.046944167
1,2025,122.18673115054266,-2.854898353466216,air_keruh,0.1548,0.1814,0.206,0.2144,0.2379,0.2119,0.019980954,-0.083375424,0.05195669,0.091870636,0.063500255
1,2025,122.18784694949284,-2.8531838689532294,air_keruh,0.1022,0.1198,0.1348,0.1484,0.1562,0.1407,0.048022572,-0.106636815,0.025607396,0.07459382,0.058915947
1,2025,122.18505745211736,-2.8569985935078135,air_keruh,0.0913,0.119,0.1512,0.1566,0.1988,0.1723,0.017543867,-0.1364296,0.11873945,0.17076433,0.119170964
1,2025,122.18497162142889,-2.8589702439280855,air_keruh,0.0698,0.0683,0.07,0.0799,0.0981,0.1076,0.066044,-0.07827257,0.10224721,0.05789807,0.012292111
1,2025,122.18449955264228,-2.8598703440805298,air_keruh,0.09,0.1016,0.117,0.1238,0.1644,0.1532,0.028239217,-0.09849159,0.14087437,0.13651048,0.07044831
1,2025,122.18432789126533,-2.8611990620620955,air_keruh,0.1074,0.1268,0.1422,0.1496,0.1748,0.1462,0.025359858,-0.08248914,0.07768186,0.1045296,0.057249043
1,2025,122.18424206057684,-2.862399193108861,air_keruh,0.0717,0.0781,0.0985,0.1212,0.1411,0.1125,0.10332273,-0.21625689,0.07586733,0.107976876,0.11551526
1,2025,122.18407039919988,-2.863513599384001,air_keruh,0.105,0.1312,0.149,0.176,0.2064,0.1765,0.08307691,-0.14583333,0.079497926,0.11690763,0.063526064
1,2025,122.18368416110174,-2.8644565576931003,air_keruh,0.1035,0.1162,0.1285,0.1584,0.1791,0.1606,0.1042175,-0.15367807,0.061333355,0.08024584,0.05026563
1,2025,122.18372707644598,-2.8656138236474895,air_keruh,0.05245,0.0637,0.05655,0.0774,0.11615,0.0784,0.15565509,-0.09709427,0.20020667,0.14162947,-0.059459444
1,2025,122.18427450249204,-2.867865590176328,air_keruh,0.0456,0.0486,0.0308,0.0148,0.0181,0.0159,-0.3508772,0.533123,0.10030398,-0.105215006,-0.22418135
1,2025,122.18444616386898,-2.8683799292126397,air_keruh,0.0456,0.0506,0.031,0.018,0.0169,0.0159,-0.26530614,0.47521868,-0.031518627,-0.14080718,-0.24019608
1,2025,122.18448907921322,-2.8689799911292795,air_keruh,0.0504,0.052,0.0336,0.0249,0.0179,0.0146,-0.14871792,0.35240573,-0.16355143,-0.18769719,-0.2149533
1,2025,122.18483240196711,-2.869922944933378,air_keruh,0.052,0.054,0.0357,0.0237,0.0205,0.0168,-0.2020202,0.3899614,-0.07239819,-0.14783928,-0.20401338
1,2025,122.1849182326556,-2.8705658675355825,air_keruh,0.0534,0.052,0.0327,0.0204,0.0195,0.0172,-0.23163837,0.43646407,-0.022556398,-0.17142858,-0.22786307
1,2025,122.18526155540953,-2.871423097109131,air_keruh,0.05195,0.0514,0.03355,0.0216,0.0192,0.01655,-0.2166818,0.40821916,-0.05882352,-0.16468723,-0.21012357
1,2025,122.1854761321307,-2.8726660788480696,air_keruh,0.0571,0.0624,0.0683,0.06375,0.08475,0.0589,-0.034456663,-0.01070155,0.14141414,0.11756115,0.04514157
1,2025,122.18817979881771,-2.8752567315626965,air_keruh,0.0551,0.0501,0.039,0.0247,0.0217,0.0187,-0.2244898,0.33957216,-0.064655185,-0.13594307,-0.1245791
1,2025,122.18899519035824,-2.87615681889935,air_keruh,0.0565,0.0573,0.0628,0.0656,0.09925,0.0759,0.021806875,-0.06753457,0.20412497,0.14059477,0.04579514
1,2025,122.18993932793148,-2.8768854605087184,air_keruh,0.07405,0.0843,0.0705,0.0398,0.0295,0.0274,-0.27833185,0.35858178,-0.14862914,-0.06476502,-0.089147255
1,2025,122.19054014275082,-2.877442656719339,air_keruh,0.07745,0.08895,0.0739,0.0394,0.0415,0.0342,-0.30450132,0.38605377,0.025957951,-0.006243282,-0.092416346
1,2025,122.19135553429136,-2.8780427138723352,air_keruh,0.0622,0.0648,0.0532,0.0526,0.0263,0.0202,-0.005671068,0.10391824,-0.33333334,-0.18167782,-0.098305106
1,2025,122.1922996718646,-2.8786856318999483,air_keruh,0.04285,0.0543,0.04055,0.1711,0.0584,0.03065,0.6168202,-0.5181899,-0.49106753,-0.36752957,-0.14496571
1,2025,122.1932008940936,-2.8794571330542196,air_keruh,0.05715,0.0562,0.04945,0.0364,0.0233,0.0193,-0.1520093,0.21382289,-0.21943052,-0.12507518,-0.063890226
1,2025,122.1938875396014,-2.8801857725534807,air_keruh,0.05885,0.0611,0.05045,0.0727,0.05585,0.0298,0.18067397,-0.08669658,-0.13107742,-0.10615935,-0.095472865
1,2025,122.19457418510922,-2.8807429671501223,air_keruh,0.0547,0.0539,0.0469,0.0381,0.0228,0.0175,-0.10352941,0.17173912,-0.25123152,-0.14215383,-0.06944444
1,2025,122.19697744438656,-2.8822859661483817,air_keruh,0.0526,0.0535,0.046,0.0355,0.0225,0.0181,-0.12883434,0.20224717,-0.22413793,-0.12515964,-0.07537689
1,2025,122.19779283592707,-2.88314318691014,air_keruh,0.0416,0.0441,0.0396,0.03705,0.0233,0.0165,-0.033268083,0.086876154,-0.22783764,-0.11126812,-0.05376346
1,2025,122.19856531212338,-2.8834003530127235,air_keruh,0.029,0.0427,0.0249,0.2328,0.07705,0.03235,0.806752,-0.6900182,-0.5026626,-0.43945017,-0.2633136
1,2025,122.1995952803851,-2.8833574919996634,air_keruh,0.03955,0.0564,0.02955,0.3061,0.116,0.04555,0.82392377,-0.6888276,-0.45036724,-0.40736973,-0.31239095
1,2025,122.20062524864682,-2.8833146309849877,air_keruh,0.0424,0.045,0.0318,0.1714,0.0641,0.0312,0.68700784,-0.58410347,-0.45562634,-0.380691,-0.17187499
1,2025,122.201741047597,-2.8833146309849877,air_keruh,0.03485,0.0516,0.02955,0.2511,0.07215,0.0309,0.78941745,-0.6590684,-0.5535963,-0.4752999,-0.27171907
1,2025,122.20255643913754,-2.8832717699686956,air_keruh,0.0369,0.0524,0.03055,0.307,0.10505,0.04025,0.8189898,-0.7084029,-0.49011046,-0.43441087,-0.2634117
1,2025,122.20337183067808,-2.8833574919996634,air_keruh,0.04215,0.0661,0.0374,0.3614,0.1642,0.07085,0.8124373,-0.69076025,-0.3751903,-0.33371893,-0.2772947
1,2025,122.20461637566098,-2.884701296859971,air_keruh,0.0465,0.0468,0.0415,0.1194,0.0753,0.0405,0.48415166,-0.43682313,-0.22650231,-0.17368236,-0.060022656
1,2025,122.20521719048033,-2.8861585686756173,air_keruh,0.0357,0.043,0.0259,0.2862,0.0899,0.0383,0.8340275,-0.7387606,-0.52193564,-0.47087044,-0.24818578
1,2025,122.20607549736508,-2.887315812609869,air_keruh,0.0576,0.0625,0.05165,0.0438,0.02865,0.02125,-0.082242,0.17591721,-0.20910972,-0.11612548,-0.09505038
1,2025,122.21448690483578,-2.8868443430011563,air_keruh,0.0355,0.0524,0.0279,0.3044,0.1362,0.0584,0.83207947,-0.706278,-0.38175216,-0.34880954,-0.30510587
1,2025,122.21813470909603,-2.8981166990853753,air_keruh,0.05125,0.0515,0.0247,0.0185,0.0189,0.0156,-0.14351852,0.47142857,0.010695169,-0.23070136,-0.35170603
1,2025,122.21221239159117,-2.9013740890790016,air_keruh,0.0337,0.0532,0.0291,0.2768,0.1269,0.0589,0.80974174,-0.67757577,-0.37131533,-0.33118972,-0.2928311
1,2025,122.21006662437924,-2.9012455080729085,air_keruh,0.0344,0.0438,0.0267,0.322,0.0987,0.0398,0.84685975,-0.76052487,-0.53078204,-0.47945204,-0.2425532
1,2025,122.20556942117996,-2.897965680070036,air_keruh,0.10355,0.1406,0.1303,0.2851,0.2394,0.159,0.3726529,-0.33944094,-0.08713062,-0.024988482,-0.038021393
1,2025,122.22863760439394,-2.887691383409471,air_keruh,0.0434,0.03435,0.02625,0.01825,0.0212,0.0183,-0.17977527,0.30608365,0.07477819,-0.13015585,-0.13366339
1,2025,122.2247752234125,-2.889620120042031,air_keruh,0.05145,0.0794,0.04735,0.2986,0.15755,0.0716,0.726261,-0.5798941,-0.3092184,-0.26155508,-0.25285998
1,2025,122.22362212304692,-2.8941735701425153,air_keruh,0.0351,0.0314,0.01485,0.0129,0.0135,0.01005,-0.07027025,0.4176072,0.022727268,-0.2573674,-0.35783783
1,2025,122.21984557275394,-2.897152378314291,air_keruh,0.0465,0.0506,0.02655,0.0171,0.0154,0.0126,-0.21649483,0.4948301,-0.052307718,-0.20511606,-0.31173038
1,2025,122.22151927117925,-2.8989953780072124,air_keruh,0.054,0.09085,0.07435,0.02265,0.0111,0.00975,-0.5329897,0.6008811,-0.3422222,0.054287463,-0.09987895
1,2025,122.22400836114504,-2.8956951206190737,air_keruh,0.0374,0.0353,0.0172,0.01255,0.01705,0.01375,-0.15630253,0.4754441,0.15202703,-0.1864608,-0.3447619
1,2025,122.22895909157788,-2.8884790794874196,air_keruh,0.03555,0.02545,0.01535,0.0129,0.01445,0.0105,-0.086725645,0.32724902,0.056672733,-0.23833865,-0.24754903
1,2025,122.22157765236892,-2.9012515321271617,air_keruh,0.0298,0.0418,0.0216,0.3112,0.0911,0.0341,0.8701923,-0.7631728,-0.5471041,-0.50319594,-0.31861198
1,2025,122.20638562050856,-2.8999657212688494,air_keruh,0.0435,0.061,0.0384,0.2866,0.1101,0.0453,0.7636923,-0.64902186,-0.44492057,-0.37944,-0.22736417
0,2025,122.19273854104078,-2.899022792377018,darat,0.1317,0.1471,0.2178,0.2332,0.33535,0.3042,0.034146324,-0.2264002,0.17966759,0.20505421,0.19375172
0,2025,122.19179440346754,-2.90159441477577,darat,0.0633,0.10155,0.0879,0.3136,0.24355,0.13775,0.56214195,-0.51077926,-0.12572916,-0.0641632,-0.072050676
0,2025,122.1908502658943,-2.904594633513156,darat,0.1547,0.1791,0.1907,0.2096,0.2532,0.2169,0.04721461,-0.07846667,0.09420915,0.09849046,0.031368274
0,2025,122.15840626565016,-2.9008229286701788,darat,0.0697,0.0925,0.0514,0.4212,0.2154,0.0985,0.7824799,-0.6398676,-0.32327995,-0.29576352,-0.28561503
0,2025,122.16055203286209,-2.9117951259452792,darat,0.03385,0.0532,0.0275,0.3364,0.17485,0.0719,0.8488596,-0.7268994,-0.3159902,-0.2932239,-0.31846344
0,2025,122.15377140847242,-2.9134238023785364,darat,0.048,0.0656,0.0359,0.2883,0.1561,0.0688,0.7785318,-0.62927383,-0.29747975,-0.27314025,-0.29261082
0,2025,122.1857004245857,-2.9185669756405943,darat,0.03375,0.05735,0.02785,0.427,0.2186,0.0919,0.877542,-0.76318777,-0.32280046,-0.303026,-0.34624413
0,2025,122.1957674652368,-2.915566794095546,darat,0.03655,0.0526,0.02745,0.2865,0.1272,0.0554,0.8251314,-0.68976706,-0.38506162,-0.3525225,-0.31417862
0,2025,122.1920767456323,-2.9251673468354755,darat,0.03395,0.0573,0.0272,0.385,0.1944,0.0861,0.86802524,-0.7408998,-0.32896098,-0.3080946,-0.35621303
0,2025,122.13517099917236,-2.8744555502671494,darat,0.04085,0.0595,0.0323,0.19415,0.12895,0.06905,0.71472734,-0.5308496,-0.20179512,-0.18611987,-0.29629633
0,2025,122.15783030093016,-2.873769768481034,darat,0.1064,0.1297,0.1528,0.16845,0.2024,0.19715,0.048715968,-0.1299681,0.09154645,0.12752956,0.08176987
0,2025,122.16658503115475,-2.874626995649282,darat,0.364,0.3836,0.414,0.394,0.4193,0.4095,-0.024752488,-0.013374482,0.031107828,0.047319807,0.038114354
0,2025,122.16435343325438,-2.8588539128585757,darat,0.04615,0.06515,0.0646,0.0511,0.08465,0.078,-0.116681054,0.12086021,0.24714549,0.21095335,-0.004238935
0,2025,122.173108163479,-2.8615970733019176,darat,0.0762,0.1009,0.12,0.1384,0.1367,0.1208,0.07120746,-0.15670706,-0.006179567,0.08932739,0.08646444
0,2025,122.1602335602075,-2.838280000911465,darat,0.1006,0.146,0.183,0.2004,0.1748,0.1485,0.045383405,-0.15704387,-0.068230286,0.086217366,0.11246201
0,2025,122.16675669253172,-2.8482241042494105,darat,0.0817,0.1064,0.1447,0.16585,0.2099,0.18715,0.06810495,-0.21836548,0.11723222,0.17777964,0.1525289
0,2025,122.17705637514892,-2.8437664133534684,darat,0.1092,0.136,0.1592,0.20875,0.21805,0.1638,0.13466503,-0.21102244,0.021790085,0.0852992,0.07859075
0,2025,122.10976511538328,-2.801588950631559,darat,0.04355,0.0664,0.0461,0.1839,0.1726,0.0876,0.5991304,-0.46943668,-0.03169705,-0.019612228,-0.18044442
0,2025,122.12075144350828,-2.802617687404908,darat,0.0688,0.0897,0.0834,0.2084,0.2378,0.1794,0.42837557,-0.39818853,0.065889746,0.07352942,-0.036395118
0,2025,122.12160975039303,-2.808790089044885,darat,0.091,0.1131,0.1138,0.1354,0.1265,0.09445,0.08667737,-0.08973842,-0.033982445,0.02978358,0.003085046
0,2025,122.1301928192407,-2.80638971450194,darat,0.0932,0.1052,0.1092,0.2258,0.2563,0.2106,0.34805968,-0.36435044,0.06326491,0.067932814,0.01865672
0,2025,122.13328272402586,-2.812390641607152,darat,0.063,0.0756,0.0579,0.302,0.1867,0.1176,0.67824394,-0.59957623,-0.23593204,-0.19750655,-0.13258426
0,2025,122.1315269902547,-2.8930466400080257,darat,0.0236,0.0472,0.0223,0.2658,0.1239,0.0531,0.8451927,-0.6984025,-0.36412627,-0.32874197,-0.35827342
0,2025,122.11058430226642,-2.9016187372083615,darat,0.02345,0.03765,0.0206,0.2012,0.11455,0.0507,0.8142471,-0.68473935,-0.27442595,-0.24874929,-0.29270387
0,2025,122.12586216481525,-2.9074477261861955,darat,0.0199,0.0424,0.0211,0.2642,0.1266,0.0539,0.85208553,-0.7234181,-0.3520983,-0.315887,-0.33543307
0,2025,122.16637424977618,-2.9636787700860854,darat,0.0196,0.0455,0.018,0.2396,0.138,0.0571,0.86024845,-0.6808137,-0.26906782,-0.24855493,-0.43307087
0,2025,122.16305165952102,-2.9811265228250923,darat,0.0223,0.0438,0.0232,0.2917,0.1647,0.0675,0.85265166,-0.73889714,-0.27826467,-0.25124526,-0.3074627
0,2025,122.10537343686477,-3.0075262820979285,darat,0.0335,0.0672,0.0352,0.3256,0.1528,0.0694,0.80487806,-0.65784115,-0.36120403,-0.3127399,-0.3125
0,2025,122.14605718320266,-2.928667983807449,darat,0.0445,0.059,0.0302,0.2866,0.1466,0.0588,0.8093434,-0.6585648,-0.32317638,-0.30379996,-0.32286996
0,2025,122.20871358579056,-2.9291407153138262,darat,0.0319,0.0518,0.0279,0.284,0.16625,0.0718,0.82109654,-0.691483,-0.26152137,-0.23870209,-0.29987454
0,2025,122.16071302375772,-2.8312377584855204,darat,0.0903,0.1302,0.192,0.209,0.1867,0.1847,0.042394027,-0.23231134,-0.056355838,0.117109135,0.19180635
0,2025,122.16857140085226,-2.853697731175796,darat,0.2251,0.35,0.4904,0.4967,0.5125,0.5333,0.0063823345,-0.1732609,0.015655965,0.16298486,0.1670633
0,2025,122.16260383848172,-2.888717878766001,darat,0.0211,0.0414,0.0211,0.2952,0.1384,0.0589,0.86658233,-0.7540107,-0.3616236,-0.3295502,-0.3248
0,2025,122.17613634747586,-2.9641476739919836,darat,0.0273,0.0492,0.0232,0.2932,0.1305,0.0526,0.85335016,-0.7126168,-0.38399807,-0.35175028,-0.35911602
0,2025,122.14349943717237,-2.8750646467731205,darat,0.0214,0.04425,0.0224,0.20115,0.12695,0.0613,0.7995974,-0.6393643,-0.22615059,-0.19682713,-0.32783198
0,2025,122.1404095323872,-2.898301340238638,darat,0.03225,0.0462,0.0251,0.24605,0.1289,0.06125,0.8148626,-0.68383235,-0.31244165,-0.2875318,-0.29593268
0,2025,122.20890242179148,-2.908073480454817,darat,0.03275,0.0475,0.0241,0.3516,0.15375,0.06135,0.8717061,-0.76196444,-0.3915108,-0.36730698,-0.32681563
0,2025,122.17491346915476,-2.8496108282167296,darat,0.0602,0.1142,0.138,0.2458,0.2602,0.2113,0.28087547,-0.36555555,0.02845848,0.1309287,0.09436952
0,2025,122.104532304604,-2.843267193616794,darat,0.0828,0.0884,0.0596,0.2432,0.1722,0.0818,0.6063408,-0.4668275,-0.17091963,-0.16887775,-0.19459459
0,2025,122.126504960854,-2.822007191326903,darat,0.1226,0.165,0.188,0.2567,0.2417,0.1966,0.15448621,-0.21745317,-0.030096339,0.062299114,0.06515577
0,2025,122.13474470694774,-2.816692129880216,darat,0.0826,0.0891,0.104,0.1379,0.19705,0.16015,0.14014052,-0.21497793,0.17659356,0.15444352,0.07716209
0,2025,122.11483198722118,-2.8034900981986715,darat,0.0684,0.0816,0.0762,0.2272,0.2282,0.1395,0.49769282,-0.47150257,0.002195876,0.014666666,-0.034220543
0,2025,122.14899260123484,-2.890639622269792,darat,0.0416,0.07935,0.0345,0.415,0.1901,0.08225,0.8464961,-0.67897236,-0.3716741,-0.34057546,-0.3939394
0,2025,122.20031935294384,-2.9216703715899124,darat,0.0322,0.0533,0.0278,0.2664,0.1504,0.0701,0.8110129,-0.66656244,-0.27831095,-0.2525168,-0.31442666
0,2025,122.16633040030712,-2.945034903242851,darat,0.03335,0.0559,0.03,0.3019,0.1335,0.05615,0.8192227,-0.6875349,-0.3867708,-0.34436092,-0.3015134
0,2025,122.10401732047312,-2.9902927293722437,darat,0.045,0.0682,0.0335,0.3412,0.2003,0.0835,0.8211903,-0.6668295,-0.26020315,-0.24580646,-0.3411996
0,2025,122.17130858023876,-2.975035563419185,darat,0.02135,0.04535,0.0227,0.31795,0.18065,0.07785,0.8667254,-0.7503441,-0.27537107,-0.25052983,-0.33284348
0,2025,122.17817503531688,-2.9510351001940145,darat,0.03125,0.05145,0.02685,0.3193,0.1597,0.0652,0.84486496,-0.7224545,-0.33319414,-0.30534348,-0.31417623
0,2025,122.17139206899292,-2.887757474161644,darat,0.03135,0.0589,0.0293,0.31175,0.18245,0.08385,0.8281777,-0.6821799,-0.26163498,-0.23673065,-0.33560088
0,2025,122.12893384742024,-2.831410918322665,darat,0.0791,0.0897,0.0878,0.08055,0.08035,0.06705,-0.043065064,0.053744484,-0.0012430291,0.025930453,-0.010704197
0,2025,122.14690000988706,-2.837789994700143,darat,0.2085,0.2525,0.2927,0.2851,0.27525,0.27475,-0.013153305,-0.060639907,-0.017578345,0.07003906,0.0737344
0,2025,122.1515348670648,-2.8516774315044326,darat,0.0622,0.0817,0.0976,0.1942,0.1895,0.1324,0.33104867,-0.40775645,-0.012249127,0.056485757,0.0886782
0,2025,122.1315309762674,-2.9215602359048267,darat,0.04165,0.05755,0.0312,0.30085,0.17915,0.08085,0.8120765,-0.6788505,-0.25354168,-0.2390341,-0.2969014
0,2025,122.10723896521696,-2.943424171723933,darat,0.0276,0.0475,0.0278,0.2674,0.163,0.0732,0.81165314,-0.69831693,-0.24256504,-0.21449155,-0.2616202
0,2025,122.183971600715,-2.9583389087889724,darat,0.0302,0.0518,0.0298,0.3272,0.1647,0.0697,0.83305323,-0.72664905,-0.33035168,-0.29516217,-0.26960787
0,2025,122.16405888098843,-2.914622736088216,darat,0.0335,0.05025,0.02595,0.2958,0.14675,0.06375,0.83869463,-0.7095795,-0.3367981,-0.31195217,-0.31889766
0,2025,122.18019505042204,-2.901593272607974,darat,0.0356,0.0571,0.0276,0.3596,0.1656,0.0717,0.857438,-0.7259419,-0.3693831,-0.3433039,-0.3482881
0,2025,122.17710514563689,-2.8916496336124116,darat,0.0396,0.0694,0.0416,0.3052,0.1918,0.1111,0.76009226,-0.6294715,-0.22816904,-0.19266692,-0.25045043
0,2025,122.18603153723843,-2.891821076403435,darat,0.04695,0.07695,0.0691,0.268,0.2628,0.16135,0.59003264,-0.5538484,-0.009796531,0.02620391,-0.05374871
0,2025,122.20714588660368,-2.917537200718231,darat,0.0291,0.03675,0.019,0.1969,0.09565,0.0405,0.8239926,-0.6854269,-0.34609467,-0.3268751,-0.31838566
0,2025,122.09120839053234,-2.846842685424973,darat,0.04445,0.06175,0.0451,0.20645,0.1239,0.0623,0.64142317,-0.53952277,-0.2498865,-0.19504645,-0.15582591
0,2025,122.1023663800343,-2.8466712358884134,darat,0.0198,0.0366,0.022,0.2101,0.1287,0.059,0.81042653,-0.7032833,-0.24025972,-0.20809247,-0.24914677
0,2025,122.09069340640148,-2.8192389825061435,darat,0.0308,0.0587,0.0423,0.2999,0.2036,0.1154,0.75277615,-0.6726157,-0.19126116,-0.147069,-0.16237622
0,2025,122.09618657046398,-2.8026078635684897,darat,0.0503,0.0682,0.0703,0.1758,0.2095,0.14115,0.4286875,-0.4409836,0.087464325,0.10614747,0.015162443
0,2025,122.11026280337414,-2.8070657125041585,darat,0.05055,0.0617,0.045,0.241,0.1411,0.065,0.68531466,-0.59233564,-0.26144987,-0.22076832,-0.15651359
0,2025,122.11421101504406,-2.8250683906810594,darat,0.0751,0.0985,0.0782,0.2092,0.2299,0.1539,0.45581073,-0.359766,0.0471419,0.040175572,-0.11488399
0,2025,122.1444234173878,-2.823353861900336,darat,0.1336,0.1577,0.1869,0.1925,0.22595,0.2001,0.014760123,-0.09937177,0.07993788,0.117396325,0.08473593
0,2025,122.1349820416554,-2.8240396737163453,darat,0.304,0.3772,0.4108,0.3864,0.4234,0.3846,-0.03060712,-0.012048202,0.045690294,0.094319835,0.042639595
0,2025,122.1082028668507,-2.860283278886695,darat,0.0434,0.0647,0.0834,0.1642,0.1999,0.1332,0.32633275,-0.4346876,0.09805001,0.15420659,0.12626606
0,2025,122.09618657046398,-2.872798879383518,darat,0.0742,0.097,0.1196,0.1484,0.1741,0.1183,0.107462674,-0.20945393,0.079689935,0.13771065,0.10433977
0,2025,122.09584324771008,-2.852225217205277,darat,0.0628,0.0778,0.0697,0.211,0.2356,0.1451,0.50338435,-0.46121883,0.055082846,0.05439476,-0.054915223
0,2025,122.12073414736828,-2.843309849133809,darat,0.1882,0.201,0.2258,0.2396,0.2263,0.1974,0.029651934,-0.0876078,-0.028546901,0.027616767,0.058106814
0,2025,122.1130093854054,-2.835251668705568,darat,0.108,0.1268,0.1372,0.1902,0.2284,0.1765,0.1618815,-0.2,0.09125658,0.10153661,0.039393928
0,2025,122.11925241219345,-2.9344376717610063,darat,0.0373,0.0561,0.03175,0.33145,0.1815,0.08135,0.8251652,-0.710489,-0.29232866,-0.2671821,-0.27717698
0,2025,122.15804788338484,-2.965810070803119,darat,0.0346,0.0692,0.0338,0.4688,0.2065,0.0899,0.86549944,-0.74275094,-0.38842,-0.35377172,-0.34368935
0,2025,122.09367486702745,-2.9465599474307416,darat,0.0174,0.0372,0.0196,0.2703,0.1366,0.0578,0.86478096,-0.7580488,-0.32858196,-0.2962379,-0.30985916
0,2025,122.10517617928328,-2.949474328854839,darat,0.028,0.0451,0.0211,0.2916,0.1777,0.0771,0.8650464,-0.73210573,-0.24270189,-0.23302469,-0.36253777
0,2025,122.09556314217392,-2.9119204959993414,darat,0.0148,0.0356,0.0145,0.2298,0.1374,0.0545,0.8812935,-0.7317257,-0.25163397,-0.23379572,-0.4211577
0,2025,122.10414621102156,-2.9047200043676495,darat,0.0215,0.0416,0.01885,0.266,0.14325,0.0593,0.8676496,-0.72951883,-0.29993892,-0.27891457,-0.37634408
0,2025,122.12285730110946,-2.8879186788631612,darat,0.0364,0.0584,0.03075,0.2585,0.15675,0.07275,0.7873812,-0.6314295,-0.24503314,-0.22263685,-0.31015143
0,2025,122.09796640145126,-2.883289698512467,darat,0.0237,0.0462,0.0257,0.2406,0.1272,0.0583,0.8069846,-0.67782426,-0.30831972,-0.2670182,-0.28511822
0,2025,122.12835046517196,-2.871288550699332,darat,0.02045,0.0362,0.02115,0.1746,0.1029,0.0489,0.78390807,-0.6565465,-0.2583784,-0.2225008,-0.26242372
0,2025,122.09313287354678,-2.9553112892318216,darat,0.0177,0.0372,0.0185,0.2592,0.1327,0.0522,0.8667627,-0.74898785,-0.32278645,-0.293623,-0.3357271
0,2025,122.10446252442568,-2.955825588340989,darat,0.0189,0.0414,0.0192,0.2494,0.1224,0.0505,0.8570365,-0.71526825,-0.3415815,-0.3090998,-0.3663366
0,2025,122.09725274659364,-2.999232753895688,darat,0.0224,0.0422,0.0236,0.3042,0.1786,0.0782,0.8560098,-0.75635105,-0.26014912,-0.23524961,-0.28267476
0,2025,122.09347619630068,-2.980032846681777,darat,0.0232,0.0453,0.02195,0.2616,0.1424,0.05915,0.84517723,-0.7047898,-0.2950495,-0.26817322,-0.34721187
0,2025,122.1080674133417,-2.97917570014068,darat,0.0219,0.0399,0.01905,0.26715,0.14245,0.0603,0.8668763,-0.7401075,-0.30444336,-0.28309843,-0.35368958
0,2025,122.11510552979678,-3.0129467670748027,darat,0.0334,0.0462,0.0276,0.27,0.1545,0.0647,0.8145161,-0.7077799,-0.27208483,-0.24984555,-0.25203252
0,2025,122.15630426026551,-2.9750613874573015,darat,0.0342,0.0571,0.0331,0.324,0.1546,0.0662,0.81461775,-0.7003411,-0.35394904,-0.31232828,-0.26607537
0,2025,122.15865329106664,-2.9304977442664635,darat,0.03645,0.0561,0.0312,0.2919,0.15475,0.0645,0.80687094,-0.6775862,-0.3070637,-0.2768812,-0.28522336
0,2025,122.15247348149632,-2.9241545612664512,darat,0.0463,0.062,0.0345,0.2586,0.1398,0.0592,0.7645855,-0.6132252,-0.29819277,-0.27253756,-0.2849741
0,2025,122.19899371465064,-2.9400981690511387,darat,0.0348,0.0561,0.0316,0.312,0.17555,0.07765,0.8160652,-0.6951915,-0.27986875,-0.2520986,-0.2793615
0,2025,122.18199923833228,-2.925354625668739,darat,0.0318,0.0617,0.03,0.356,0.1756,0.0751,0.8445596,-0.7045727,-0.33935288,-0.30704415,-0.3456925
0,2025,122.15267227283373,-2.90352763916778,darat,0.03455,0.045,0.02445,0.2392,0.1378,0.0629,0.81452686,-0.6833216,-0.26896554,-0.25573397,-0.29589635
0,2025,122.11482873906024,-2.8429605915182883,darat,0.0782,0.1095,0.1413,0.1687,0.17565,0.1508,0.08838711,-0.21279654,0.02018297,0.124235176,0.12679423
0,2025,122.09079129656682,-2.825660191164291,darat,0.036,0.0681,0.0742,0.2488,0.1852,0.1296,0.54055727,-0.5702114,-0.14654376,-0.046674,0.042867176
0,2025,122.0978294130219,-2.810572258845779,darat,0.0986,0.1146,0.144,0.1891,0.2032,0.16675,0.1353948,-0.24530785,0.035941884,0.09371554,0.113689065
0,2025,122.10606915911563,-2.811600987711976,darat,0.04805,0.0688,0.05825,0.24885,0.2744,0.17475,0.62064475,-0.56681883,0.048829418,0.05678658,-0.0830382
0,2025,122.1252952333344,-2.801656570723668,darat,0.0725,0.0842,0.0849,0.2142,0.2179,0.1732,0.4322969,-0.43565685,0.008562805,0.027311264,0.0041395444
0,2025,122.16494901141056,-2.838861971114208,darat,0.07115,0.0944,0.0867,0.2646,0.2203,0.13675,0.5064048,-0.47409472,-0.09135905,-0.04472968,-0.042517964
